student_name,student_email,student_number
CHAN Ka Lee Carrie 陳嘉莉,s26chankalee@hkapa.edu,A43879
CHAN Ka Ying Annie 陳嘉瀅,s26chankaying@hkapa.edu,A37575
CHENG Chun Hei Eden 鄭駿羲,s26chengchunheieden@hkapa.edu,A43980
CHENG Hau Lam Sofie 鄭巧琳,s26chenghaulam@hkapa.edu,A43874
CHENG Lanqing Lance (non-local) 程瀾清,s26chenglanqing@hkapa.edu,A43986
CHOI Shee In Swanie 蔡抒絃,s26choisheein@hkapa.edu,A43875
CHUNG Cho Hung Jenny 鍾楚紅,s26chungchohung@hkapa.edu,A44188
CHUNG Ka Ka Yoka 鍾咖嘉,s26chungkaka@hkapa.edu,A43950
DAI Hoi Leong Fred 戴凱亮,s26daihoileong@hkapa.edu,A43873
FUNG Kat Yu Brian 馮吉榆,s26fungkatyu@hkapa.edu,A43877
HE Tin Patch 何田,s26hetin@hkapa.edu,A43979
HE Yitong (non-local) 何宜桐,s26heyitong@hkapa.edu,A43982
HUANG Enyu Eva (non-local) 黄恩愉,s26huangenyu@hkapa.edu,A43957
LAM Cheuk Hin Hin 林卓軒,s26lamcheukhin@hkapa.edu,A44193
LAU Cheuk Yan Yannes 劉卓欣,s26laucheukyan@hkapa.edu,A43962
LAU Sin Yi Melody 劉倩兒,s25lausinyi@hkapa.edu,A43000
LAW Chun Kit 羅俊傑,s26lawchunkit@hkapa.edu,A43949
LEE Chi Lai Charlotte 李知澧,s26leeclc@hkapa.edu,A44185
LEONG Hoi In Aimee (non-local) 梁凱彥,s26leonghoiin@hkapa.edu,A43983
LEUNG Hiu Long Stitch 梁曉朗,s26leunghiulong@hkapa.edu,A43951
LEUNG Tsz Ching Isa 梁子晴,s26leungtszching@hkapa.edu,A44181
LOK Yuen Yi Natalie 陸婉兒,s26lokyuenyi@hkapa.edu,A43963
LUI Ka Yan Janiz 呂嘉欣,s26luikayan@hkapa.edu,A39526
LUI Yiu Lai Mark 雷曜澧,s26luiyiulaimark@hkapa.edu,A43981
LUO Hongbin Davis 羅洪彬,s26luohongbin@hkapa.edu,A43882
MA Yuanliang (non-local) 馬元良,s26mayuanliang@hkapa.edu,A44187
MO Chun Wang Kelvin 莫竣泓,s26mochunwang@hkapa.edu,A44182
NG Hon Fan Jerry 吳漢梵,s26nghonfanjerry@hkapa.edu,A43954
NG Kwan Ho George 吳鈞浩,s26ngkwanho@hkapa.edu,A43876
NG Yui Ting Phoebe 伍蕊婷,s26ngyuiting@hkapa.edu,A43938
POON On Ching Anya 潘安晴,s26poononchinganya@hkapa.edu,A44189
QUILICOT Daniel Aaron Aduna 郭丹尼,s26quilicotdaa@hkapa.edu,A43947
SUM Tsoi Kiu Nicole 沈采橋,s26sumtsoikiu@hkapa.edu,A43940
SUNG Ting Hin Ryan 宋霆軒,s26sungtinghin@hkapa.edu,A44190
TONG Tsz Sun Jason 湯梓燊,s26tongtszsunjason@hkapa.edu,A43945
TSUI Lok Sze Janice 徐洛施,s26tsuiloksze@hkapa.edu,A43880
TSUI Shuk Ming Melody 徐淑銘,s26tsuishukming@hkapa.edu,A43973
WAN Ching Tung Toby 尹靖茼,s26wanchingtung@hkapa.edu,A43956
WANG Mengtong Anzelia 王夢彤,s26wangmengtong@hkapa.edu,A43959
WEI Chenfang Jessica (non-local) 魏晨仿,s26weichenfang@hkapa.edu,A38273
WEN Cheuk Lam Calista 温綽霖,s26wencheuklam@hkapa.edu,A43946
WONG Yan Ting Troy 黃欣婷,s26wongyanting@hkapa.edu,A43978
WU Jiaqi (non-local) 吳嘉麒,s26wujiaqi@hkapa.edu,A43883
WU Ka Ching Edison 胡加靖,s26wukaching@hkapa.edu,A44192
"XIANG Kit Ming, EZEKIEL 香杰明",s26xiangkitming@hkapa.edu,A43948
YAP Yi Fung Thomas 葉一峯,s26yapyifung@hkapa.edu,A43961
YAU Chi Chiu Clinton 丘鋕超,s26yauchichiu@hkapa.edu,A44179
YIP Lai To Terence 葉禮滔,s26yiplaito@hkapa.edu,A43970
YUAN Moyu Chole (non-local) 袁默雨,s26yuanmoyu@hkapa.edu,A43965
ZHONG Hoi Ki Hoki 鍾凱琪,s26zhonghoiki@hkapa.edu,A44195
